{"version":null,"displayName":"Clarity PPM Ideas","type":"clarityideas","logo":"clarity-ppm-ideas.jpeg","logoSmall":"clarity-ppm-ideas.jpeg","metadata":[{"name":"issueType","dependent":false,"dependentMetadata":null,"values":[{"id":"ideas","name":"Ideas","attributeName":null,"referenceType":null,"dependents":null,"regex":false}]}],"fields":[{"id":"workStatus","name":"Work Status","datatype":"Lookup","values":[{"id":"REQUESTED","name":"Requested","attributeName":null,"referenceType":null,"dependents":null,"regex":false},{"id":"ACTIVE","name":"Active","attributeName":null,"referenceType":null,"dependents":null,"regex":false},{"id":"ON_HOLD","name":"On Hold","attributeName":null,"referenceType":null,"dependents":null,"regex":false},{"id":"CANCELLED","name":"Cancelled","attributeName":null,"referenceType":null,"dependents":null,"regex":false},{"id":"COMPLETE","name":"Complete","attributeName":null,"referenceType":null,"dependents":null,"regex":false}]},{"id":"isRequired","name":"Required","datatype":"Checkbox","values":null},{"id":"isFastTrack","name":"Fast Track","datatype":"Checkbox","values":null},{"id":"code","name":"Idea ID","datatype":"String","values":null},{"id":"estimatedFinishDate","name":"Estinated Finish Date","datatype":"Datetime","values":null},{"id":"estimatedStartDate","name":"Estimated Start Date","datatype":"Datetime","values":null},{"id":"ideaPriority","name":"Idea Priority","datatype":"Lookup","values":null},{"id":"impact","name":"Impact on existing initiatives","datatype":"Plaintext","values":null},{"id":"projectType","name":"Idea Type","datatype":"Lookup","values":[{"id":"type100","name":"Major Project","attributeName":null,"referenceType":null,"dependents":null,"regex":false},{"id":"type200","name":"Application Change","attributeName":null,"referenceType":null,"dependents":null,"regex":false},{"id":"type300","name":"Infrastructure Deployment","attributeName":null,"referenceType":null,"dependents":null,"regex":false}]},{"id":"description","name":"Description","datatype":"Plaintext","values":null},{"id":"estimatedCost","name":"Estimated Cost","datatype":"Amount","values":null},{"id":"breakevenDate","name":"Breakeven Date","datatype":"Datetime","values":null},{"id":"dependencies","name":"Dependencies","datatype":"Plaintext","values":null},{"id":"estimatedBenefit","name":"Estimated Benefit","datatype":"Amount","values":null},{"id":"objective","name":"Objective","datatype":"Plaintext","values":null},{"id":"internalId","name":"Id","datatype":"String","values":null},{"id":"lastUpdatedDate","name":"Update Dt","datatype":"Datetime","values":null},{"id":"risks","name":"Risks","datatype":"Plaintext","values":null},{"id":"estimateType","name":"Estimate Type","datatype":"Lookup","values":null},{"id":"generalNotes","name":"General Notes","datatype":"Plaintext","values":null},{"id":"projectCategory","name":"Idea Category","datatype":"Lookup","values":[{"id":"category301","name":"Distributed","attributeName":null,"referenceType":null,"dependents":null,"regex":false},{"id":"category302","name":"Network/Telecom","attributeName":null,"referenceType":null,"dependents":null,"regex":false},{"id":"category303","name":"Desktop","attributeName":null,"referenceType":null,"dependents":null,"regex":false}]},{"id":"name","name":"Subject","datatype":"String","values":null},{"id":"status","name":"Status","datatype":"Lookup","values":[{"id":"1","name":"Approved","attributeName":null,"referenceType":null,"dependents":null,"regex":false}]},{"id":"goal","name":"Goal","datatype":"Lookup","values":[{"id":"AVOID_COST","name":"Cost Avoidance","attributeName":null,"referenceType":null,"dependents":null,"regex":false},{"id":"REDUCE_COST","name":"Cost Reduction","attributeName":null,"referenceType":null,"dependents":null,"regex":false},{"id":"GROW_BUSINESS","name":"Grow the Business","attributeName":null,"referenceType":null,"dependents":null,"regex":false},{"id":"IMPROVE_INFRASTRUCTURE","name":"Infrastructure Improvement","attributeName":null,"referenceType":null,"dependents":null,"regex":false},{"id":"MAINTAIN_BUSINESS","name":"Maintain the Business","attributeName":null,"referenceType":null,"dependents":null,"regex":false}]},{"id":"corporatePriority","name":"Corporate Priority","datatype":"Lookup","values":[{"id":"25","name":"Low","attributeName":null,"referenceType":null,"dependents":null,"regex":false}]},{"id":"commercialValue","name":"Commercial Value","datatype":"Lookup","values":[{"id":"25","name":"Low","attributeName":null,"referenceType":null,"dependents":null,"regex":false}]},{"id":"architecturalFit","name":"Architectural Fit","datatype":"Lookup","values":[{"id":"25","name":"Low","attributeName":null,"referenceType":null,"dependents":null,"regex":false}]},{"id":"businessUnitPriority","name":"Business Unit Priority","datatype":"Lookup","values":[{"id":"25","name":"Low","attributeName":null,"referenceType":null,"dependents":null,"regex":false}]},{"id":"regulatoryCompliance","name":"Regulatory Compliance","datatype":"Lookup","values":[{"id":"75","name":"Required for Compliance","attributeName":null,"referenceType":null,"dependents":null,"regex":false}]}],"loginOptions":[],"idFieldName":"internalId","titleFieldName":"name","projectFieldName":"","artifactFieldName":"issueType","testStepsFieldName":null,"changedDateFieldName":"lastUpdatedDate","dateFormat":"yyyy-MM-dd","dateTimeFormat":"yyyy-MM-dd'T'HH:mm:ss","queryDateFormat":"yyyy-MM-dd'T'HH:mm:ss","iso8601DateFormat":false,"commentFieldName":"","commentFieldId":"","attachmentFieldName":"","attachmentFieldId":"","apiVersion":null,"callBackUrlConfigured":false,"callBackUrls":null,"apiProvider":"ExternalApplication","applicationType":null,"urlDescription":"","userNameDescription":"","passwordDescription":"","paginationSupported":false,"paginationAttributes":null,"status":"Active","active":true}